Año,Trimestre,Provincia,HASTA 512 kbps,+ 512 Kbps - 1 Mbps,+ 1 Mbps - 6 Mbps,+ 6 Mbps - 10 Mbps,+ 10 Mbps - 20 Mbps,+ 20 Mbps - 30 Mbps,+ 30 Mbps,OTROS,Año_trimestre,Total y OTROS,Total_accesos,velocidad_media_conexion(Mbps)
2022,4,Buenos Aires,28934,23347,259866,28155,244555,9867,3760109,97634,2022-10-01,4452467,4354833,27
2022,4,Capital Federal,5160,5096,31320,64653,36336,8116,1299117,106772,2022-10-01,1556570,1449798,27
2022,4,Catamarca,710,3150,2716,5028,4638,3122,52739,228,2022-10-01,72331,72103,24
2022,4,Chaco,4610,7710,16067,17846,6704,3039,94866,3909,2022-10-01,154751,150842,21
2022,4,Chubut,1090,1614,46457,31007,34728,1577,19048,20026,2022-10-01,155547,135521,11
2022,4,Córdoba,990,9929,143686,108195,6312,20691,686330,1761,2022-10-01,977894,976133,23
2022,4,Corrientes,670,3282,22647,24858,7025,377,85806,7998,2022-10-01,152663,144665,20
2022,4,Entre Ríos,1070,4722,45629,467,20927,22483,130406,0,2022-10-01,225704,225704,21
2022,4,Formosa,840,2450,22458,12391,6724,3100,18930,6980,2022-10-01,73873,66893,13
2022,4,Jujuy,580,1763,18652,1407,3643,3350,46910,0,2022-10-01,76305,76305,21
2022,4,La Pampa,680,1687,52618,10334,9167,4479,19783,16028,2022-10-01,114776,98748,11
2022,4,La Rioja,180,5950,2531,301,24435,5029,50644,0,2022-10-01,89070,89070,22
2022,4,Mendoza,1030,2954,35541,20355,35935,14909,161163,21144,2022-10-01,293031,271887,22
2022,4,Misiones,510,351,35622,21373,12196,3182,101745,859,2022-10-01,175838,174979,20
2022,4,Neuquén,1680,9940,38814,1396,13008,5739,85247,225,2022-10-01,156049,155824,19
2022,4,Río Negro,1110,1081,32053,13931,20442,7335,57495,29644,2022-10-01,163091,133447,18
2022,4,Salta,1140,1197,31530,71105,5036,1170,90014,6747,2022-10-01,207939,201192,17
2022,4,San Juan,240,2027,30069,11247,2044,8188,19991,1184,2022-10-01,74990,73806,13
2022,4,San Luis,600,6240,11785,24684,13981,78506,2227,3353,2022-10-01,141376,138023,17
2022,4,Santa Cruz,510,681,11616,11509,10374,3236,5559,1048,2022-10-01,44533,43485,12
2022,4,Santa Fe,4680,9374,115767,19442,73345,22899,453078,1834,2022-10-01,700419,698585,22
2022,4,Santiago Del Estero,1780,1267,26183,58136,17735,6610,14345,9890,2022-10-01,135946,126056,11
2022,4,Tierra Del Fuego,220,9020,11649,13634,21365,3612,1812,2264,2022-10-01,63576,61312,10
2022,4,Tucumán,390,1562,29996,35425,26369,1375,153538,15118,2022-10-01,263773,248655,21
2022,3,Buenos Aires,29985,27709,290315,297915,267044,12419,3618689,65821,2022-07-01,4609897,4544076,25
2022,3,Capital Federal,5170,5742,34371,67829,51946,28692,1253105,105477,2022-07-01,1552332,1446855,27
2022,3,Catamarca,710,3840,3107,5389,5099,3737,50298,2208,2022-07-01,74388,72180,24
2022,3,Chaco,4610,9870,16782,18938,8049,15828,79390,3711,2022-07-01,157178,153467,20
2022,3,Chubut,1090,1444,45707,3094,34682,15309,17563,20024,2022-07-01,138913,118889,13
2022,3,Córdoba,990,11312,153324,111615,70989,27112,650344,13873,2022-07-01,1039559,1025686,22
2022,3,Corrientes,670,3865,23427,23948,7776,21706,56950,7107,2022-07-01,145449,138342,19
2022,3,Entre Ríos,1070,5549,47210,46855,18263,32021,102195,16759,2022-07-01,269922,253163,18
2022,3,Formosa,970,3070,23538,19545,6194,5640,17704,5890,2022-07-01,82551,76661,13
2022,3,Jujuy,580,1879,19135,15254,36083,5190,45895,0,2022-07-01,124016,124016,18
2022,3,La Pampa,680,1887,61540,9653,11592,5609,22731,3012,2022-07-01,116704,113692,11
2022,3,La Rioja,180,6890,2842,3375,24219,5331,50390,0,2022-07-01,93227,93227,21
2022,3,Mendoza,1030,2953,44232,21977,48201,17243,150043,4771,2022-07-01,290450,285679,20
2022,3,Misiones,510,3749,36628,20758,12676,19615,80330,835,2022-07-01,175101,174266,19
2022,3,Neuquén,1340,9910,38485,1408,92,67,78713,14858,2022-07-01,144873,130015,19
2022,3,Río Negro,1110,1221,32936,1786,27934,13629,42596,24271,2022-07-01,145483,121212,17
2022,3,Salta,1140,149,32923,71199,5662,1001,85661,6491,2022-07-01,204226,197735,17
2022,3,San Juan,240,2027,30324,11247,22157,678,19221,11619,2022-07-01,97513,85894,13
2022,3,San Luis,600,3070,6563,20813,12061,67438,13,14815,2022-07-01,125373,110558,18
2022,3,Santa Cruz,520,6841,12342,11313,11378,2333,4604,6470,2022-07-01,55801,49331,10
2022,3,Santa Fe,4680,11132,132709,198588,70897,57455,396352,20209,2022-07-01,892022,871813,18
2022,3,Santiago Del Estero,1780,1384,28357,58982,16087,9100,12342,7920,2022-07-01,135952,128032,11
2022,3,Tierra Del Fuego,220,8310,12002,14815,20102,1752,1021,3351,2022-07-01,61573,58222,9
2022,3,Tucumán,390,2047,32571,39018,25214,4348,159600,2800,2022-07-01,265988,263188,21
2022,2,Buenos Aires,30639,28323,295238,307554,273954,129869,3535757,65849,2022-04-01,4667183,4601334,25
2022,2,Capital Federal,5170,598,36036,72434,55372,31571,1229254,105607,2022-04-01,1536042,1430435,27
2022,2,Catamarca,710,4130,3678,6155,7165,3393,43926,2207,2022-04-01,71364,69157,22
2022,2,Chaco,4610,1047,17603,20109,8391,15974,76271,3708,2022-04-01,147713,144005,21
2022,2,Chubut,1090,1444,45804,31217,3429,14526,15394,20021,2022-04-01,132925,112904,11
2022,2,Córdoba,990,11971,160486,120485,71923,28645,619400,13426,2022-04-01,1027326,1013900,21
2022,2,Corrientes,670,3937,24253,24842,8001,21719,55071,7107,2022-04-01,145600,138493,18
2022,2,Entre Ríos,1070,5656,48637,48557,18512,32355,98769,16759,2022-04-01,270315,253556,18
2022,2,Formosa,970,4070,23834,19706,633,5910,16326,5900,2022-04-01,77349,71449,12
2022,2,Jujuy,580,1829,19458,1579,37786,5490,37391,2453,2022-04-01,106566,104113,18
2022,2,La Pampa,680,1887,62546,9842,118,5247,17125,3012,2022-04-01,100457,97445,9
2022,2,La Rioja,180,7280,3179,389,23814,5481,48920,0,2022-04-01,89243,89243,22
2022,2,Mendoza,1030,2954,44961,22557,64138,19543,121366,394,2022-04-01,276943,276549,19
2022,2,Misiones,510,3808,37254,21712,12774,19757,75107,835,2022-04-01,171757,170922,18
2022,2,Neuquén,1340,9990,38826,15066,9205,2039,76982,18717,2022-04-01,172165,153448,18
2022,2,Río Negro,1110,1227,33364,17938,27168,13714,41972,2427,2022-04-01,138920,136493,16
2022,2,Salta,1140,153,33732,72661,6012,1156,81478,6494,2022-04-01,202826,196332,16
2022,2,San Juan,240,2027,30385,11276,24649,3728,16701,11617,2022-04-01,100623,89006,13
2022,2,San Luis,600,3060,6840,21217,11052,67438,13,14815,2022-04-01,125035,110220,18
2022,2,Santa Cruz,520,6841,12348,11369,11885,2454,3592,6440,2022-04-01,55449,49009,9
2022,2,Santa Fe,4680,11757,138534,204381,74133,58114,373888,17584,2022-04-01,883071,865487,18
2022,2,Santiago Del Estero,1780,1401,29581,59931,14606,8830,10672,7920,2022-04-01,134721,126801,10
2022,2,Tierra Del Fuego,220,8310,12052,14828,19968,1712,1006,3351,2022-04-01,61447,58096,9
2022,2,Tucumán,390,2195,34461,43513,23634,4863,145541,2810,2022-04-01,257407,254597,20
2022,1,Buenos Aires,31591,30056,313382,321756,290127,161183,3381049,2628,2022-01-01,4531772,4529144,25
2022,1,Capital Federal,5270,5575,39918,7739,61053,43289,1188072,1717,2022-01-01,1352633,1350916,28
2022,1,Catamarca,710,4560,4386,7009,8773,3761,35715,2207,2022-01-01,67121,64914,21
2022,1,Chaco,4610,1099,16888,21235,20898,13012,62946,758,2022-01-01,141446,140688,19
2022,1,Chubut,1130,1677,61369,31856,3308,13871,14055,15607,2022-01-01,142873,127266,10
2022,1,Córdoba,1000,12782,165922,126009,73967,34892,577027,13104,2022-01-01,1004703,991599,21
2022,1,Corrientes,670,4029,24563,25665,27077,10452,43631,7094,2022-01-01,143181,136087,16
2022,1,Entre Ríos,1070,5745,50075,4962,42294,21578,81757,1675,2022-01-01,209156,207481,18
2022,1,Formosa,970,4480,24113,6945,6613,7160,15028,5880,2022-01-01,71189,65309,13
2022,1,Jujuy,580,1761,22141,16321,37923,5760,35287,2442,2022-01-01,122215,119773,16
2022,1,La Pampa,3010,2223,62812,9869,12044,525,14400,2833,2022-01-01,107716,104883,8
2022,1,La Rioja,180,7780,3576,4692,23624,5645,45970,0,2022-01-01,91467,91467,21
2022,1,Mendoza,1140,3355,51230,26407,74178,21566,95048,3287,2022-01-01,276211,272924,17
2022,1,Misiones,510,3873,35655,22261,26855,15854,58610,8349,2022-01-01,171967,163618,17
2022,1,Neuquén,1370,1123,39856,15623,11163,2654,71238,7885,2022-01-01,150912,143027,18
2022,1,Río Negro,1160,1383,35565,18859,26926,14144,37729,22652,2022-01-01,158418,135766,15
2022,1,Salta,1140,1725,35576,68246,6313,2214,76838,6489,2022-01-01,198541,192052,16
2022,1,San Juan,260,2269,32356,11914,25144,2088,11916,2465,2022-01-01,88412,85947,11
2022,1,San Luis,610,6430,8287,3837,9802,68612,13,28589,2022-01-01,126180,97591,19
2022,1,Santa Cruz,510,6898,12710,11502,12277,2628,2551,4850,2022-01-01,53926,49076,9
2022,1,Santa Fe,4680,12435,143796,208361,84787,58018,344170,18444,2022-01-01,874691,856247,17
2022,1,Santiago Del Estero,1780,1401,30220,6117,13542,8490,8309,7920,2022-01-01,77779,69859,11
2022,1,Tierra Del Fuego,240,8940,12849,1564,18034,1767,982,2421,2022-01-01,46797,44376,9
2022,1,Tucumán,390,2212,36028,46961,21014,5211,133846,2730,2022-01-01,248392,245662,20
2021,4,Buenos Aires,37821,11026,352950,331292,297296,196021,3259793,22958,2021-10-01,4509157,4486199,24
2021,4,Capital Federal,5630,1695,47133,81899,66135,66755,1147939,0,2021-10-01,1417186,1417186,26
2021,4,Catamarca,710,0,6038,7855,9804,3262,29827,2233,2021-10-01,59729,57496,21
2021,4,Chaco,4610,1120,18845,22678,21937,13692,58435,7585,2021-10-01,148902,141317,18
2021,4,Chubut,1260,1294,63698,39568,31175,578,2904,15763,2021-10-01,156240,140477,7
2021,4,Córdoba,1000,2479,184548,130892,76246,41198,538700,12607,2021-10-01,987670,975063,20
2021,4,Corrientes,670,6450,28830,26368,22922,10087,39911,7082,2021-10-01,142320,135238,15
2021,4,Entre Ríos,1070,3024,56043,49636,38295,24068,77290,16583,2021-10-01,266009,249426,16
2021,4,Formosa,840,0,22908,6983,6811,1135,13775,1967,2021-10-01,54419,52452,12
2021,4,Jujuy,580,1750,22446,16793,38134,5640,33421,2324,2021-10-01,121088,118764,16
2021,4,La Pampa,3010,4930,64840,9082,12259,4821,12184,3027,2021-10-01,114153,111126,8
2021,4,La Rioja,180,10,5018,5437,23559,5671,43424,0,2021-10-01,83299,83299,22
2021,4,Mendoza,1560,1463,66428,30308,75214,18621,75031,3660,2021-10-01,272285,268625,16
2021,4,Misiones,510,50,41916,23554,26721,15954,54596,8335,2021-10-01,171636,163301,16
2021,4,Neuquén,1400,9400,42313,13264,10515,331,69217,7767,2021-10-01,154207,146440,17
2021,4,Río Negro,1560,1174,38373,19878,31255,413,36142,22645,2021-10-01,151440,128795,14
2021,4,Salta,1140,200,40673,69324,6642,3535,72622,6475,2021-10-01,200611,194136,15
2021,4,San Juan,440,1442,28906,10955,23978,3980,9800,4435,2021-10-01,83936,79501,11
2021,4,San Luis,620,2640,8550,4276,9107,67363,9,29218,2021-10-01,121783,92565,20
2021,4,Santa Cruz,520,2970,20305,11641,13054,177,876,4910,2021-10-01,54453,49543,7
2021,4,Santa Fe,4670,5810,169706,206856,8569,62349,322015,18777,2021-10-01,798752,779975,17
2021,4,Santiago Del Estero,1780,9090,31915,61524,12205,8000,7537,7930,2021-10-01,139981,132051,9
2021,4,Tierra Del Fuego,260,3850,13505,16534,16562,1748,1017,258,2021-10-01,53734,53476,9
2021,4,Tucumán,390,970,37321,48736,21023,5326,125857,2400,2021-10-01,242023,239623,19
2021,3,Buenos Aires,37193,31149,1108940,248153,141383,192797,2482266,9728,2021-07-01,4251609,4241881,20
2021,3,Capital Federal,2950,6030,156978,67013,39785,73502,1075229,0,2021-07-01,1421487,1421487,25
2021,3,Catamarca,710,0,6755,8428,10517,1659,26618,2206,2021-07-01,56893,54687,19
2021,3,Chaco,3010,1120,22545,20986,23852,14412,49705,7958,2021-07-01,143588,135630,18
2021,3,Chubut,1040,1050,89168,26281,18538,532,1643,14907,2021-07-01,153159,138252,6
2021,3,Córdoba,990,2452,204989,141285,6505,47198,476459,9256,2021-07-01,889134,879878,19
2021,3,Corrientes,670,6450,29629,28478,24792,9687,35468,5053,2021-07-01,140227,135174,14
2021,3,Entre Ríos,1070,3024,61354,59776,39114,16284,67961,12755,2021-07-01,261338,248583,14
2021,3,Formosa,3810,0,22778,7142,6978,1192,12707,1617,2021-07-01,56224,54607,11
2021,3,Jujuy,480,1750,23884,16417,37755,5610,29917,2401,2021-07-01,118214,115813,15
2021,3,La Pampa,2980,3130,65063,7395,8737,4023,10506,4152,2021-07-01,105986,101834,8
2021,3,La Rioja,180,10,5366,5979,23315,4868,42613,0,2021-07-01,82331,82331,22
2021,3,Mendoza,360,310,151871,1264,62628,7596,21087,500,2021-07-01,245616,245116,9
2021,3,Misiones,510,50,41932,25099,26079,14792,42291,8279,2021-07-01,159032,150753,15
2021,3,Neuquén,1120,3270,57441,8566,6234,3631,57919,5579,2021-07-01,143760,138181,15
2021,3,Río Negro,1250,5570,68991,373,1488,2282,34011,20009,2021-07-01,133974,113965,11
2021,3,Salta,1010,200,41431,70104,6962,3878,67010,6327,2021-07-01,196922,190595,15
2021,3,San Juan,180,3330,59873,7520,1325,3380,278,4641,2021-07-01,80527,75886,5
2021,3,San Luis,600,0,11552,2405,6491,67942,22,29392,2021-07-01,118404,89012,20
2021,3,Santa Cruz,500,0,30561,8365,6799,1788,678,7350,2021-07-01,56041,48691,7
2021,3,Santa Fe,4670,5790,193207,20125,83941,5508,290793,16267,2021-07-01,620301,604034,18
2021,3,Santiago Del Estero,1230,9090,32752,61838,11274,8010,6863,8980,2021-07-01,140037,131057,9
2021,3,Tierra Del Fuego,170,0,23723,13397,9782,1433,976,8950,2021-07-01,58431,49481,8
2021,3,Tucumán,320,970,39446,50293,21986,53,115154,1640,2021-07-01,229862,228222,18
2021,2,Buenos Aires,37192,31178,1096049,244001,140322,236897,2337604,9108,2021-04-01,4132351,4123243,20
2021,2,Capital Federal,2940,6030,157558,73568,43859,86655,1037752,660,2021-04-01,1409022,1408362,24
2021,2,Catamarca,710,0,7219,9091,6828,4941,25388,2206,2021-04-01,56383,54177,20
2021,2,Chaco,3010,1120,23444,21574,24032,16069,47239,7958,2021-04-01,144446,136488,17
2021,2,Chubut,1040,1050,89639,22605,16604,3896,1112,5172,2021-04-01,141118,135946,6
2021,2,Córdoba,990,2452,201757,136516,6695,70824,442357,9925,2021-04-01,871516,861591,19
2021,2,Corrientes,670,6450,29419,27037,24524,10059,32697,5053,2021-04-01,135909,130856,14
2021,2,Entre Ríos,1070,3024,63518,55349,39468,18484,61605,16077,2021-04-01,258595,242518,14
2021,2,Formosa,3810,0,22364,731,746,1341,11077,1618,2021-04-01,41687,40069,11
2021,2,Jujuy,480,1750,24182,16577,37908,6070,29950,2401,2021-04-01,119318,116917,15
2021,2,La Pampa,2980,5540,64146,7769,8128,3399,9311,4062,2021-04-01,105335,101273,7
2021,2,La Rioja,180,10,5312,5971,23298,4825,42158,190,2021-04-01,81944,81754,22
2021,2,Mendoza,360,310,137462,10886,56117,4403,20686,500,2021-04-01,230724,230224,9
2021,2,Misiones,510,50,41643,25907,25811,16172,38308,8279,2021-04-01,156680,148401,15
2021,2,Neuquén,1120,3270,57713,8631,5871,5943,54008,5645,2021-04-01,142201,136556,15
2021,2,Río Negro,1250,5570,69356,3663,15019,3867,31488,20009,2021-04-01,150222,130213,11
2021,2,Salta,1010,200,42543,67012,7099,9654,58882,6328,2021-04-01,192728,186400,15
2021,2,San Juan,180,3330,59989,7840,1255,3400,278,4641,2021-04-01,80913,76272,5
2021,2,San Luis,600,0,11752,2703,5418,65946,22,36917,2021-04-01,123358,86441,20
2021,2,Santa Cruz,500,0,30595,8463,6888,1575,676,7350,2021-04-01,56047,48697,6
2021,2,Santa Fe,4670,8960,202018,204077,80452,75195,262124,15371,2021-04-01,852867,837496,15
2021,2,Santiago Del Estero,1230,9090,32034,62224,10359,8110,6064,1566,2021-04-01,130677,129111,8
2021,2,Tierra Del Fuego,170,0,21335,6913,458,4760,889,1483,2021-04-01,36008,34525,8
2021,2,Tucumán,320,970,40224,51648,23732,5022,109616,268,2021-04-01,231800,231532,18
2021,1,Buenos Aires,36939,31187,1108368,24052,163747,222061,2246313,10867,2021-01-01,3843534,3832667,20
2021,1,Capital Federal,1350,2440,159662,76753,56457,83255,1003041,1260,2021-01-01,1384218,1382958,24
2021,1,Catamarca,710,0,7423,8455,10115,7120,22996,2196,2021-01-01,59015,56819,19
2021,1,Chaco,3010,1120,24357,22102,27556,14496,42462,8384,2021-01-01,143487,135103,17
2021,1,Chubut,1060,1090,86986,21401,15392,2844,1112,439,2021-01-01,130324,129885,6
2021,1,Córdoba,930,2386,211799,135092,74659,71984,402191,12677,2021-01-01,911718,899041,18
2021,1,Corrientes,670,5270,31544,26223,26169,9001,27641,5453,2021-01-01,131971,126518,14
2021,1,Entre Ríos,1050,2911,67255,5606,42432,15774,54600,12826,2021-01-01,202454,189628,15
2021,1,Formosa,560,0,22409,7569,7916,1215,9579,1942,2021-01-01,51190,49248,11
2021,1,Jujuy,490,1750,23735,17293,40649,5680,25609,2378,2021-01-01,117584,115206,15
2021,1,La Pampa,2980,5540,68200,7864,7611,2786,7368,2424,2021-01-01,104773,102349,6
2021,1,La Rioja,180,10,36749,5968,4604,2150,5074,-10,2021-01-01,54725,54735,8
2021,1,Mendoza,280,400,134386,11216,52533,4061,16615,440,2021-01-01,219931,219491,8
2021,1,Misiones,510,5240,40949,25503,27101,1405,32953,8256,2021-01-01,141917,133661,13
2021,1,Neuquén,1160,3270,56171,8443,5903,5677,50840,5758,2021-01-01,137222,131464,15
2021,1,Río Negro,1250,4660,70011,4187,13045,3642,29589,20103,2021-01-01,146487,126384,11
2021,1,Salta,1090,200,40785,68149,9164,8139,54889,6319,2021-01-01,188735,182416,14
2021,1,San Juan,250,1940,60439,8580,11494,3400,276,4641,2021-01-01,91020,86379,6
2021,1,San Luis,580,0,11889,2926,4429,62913,22,36917,2021-01-01,119676,82759,20
2021,1,Santa Cruz,500,0,30655,8334,6987,1337,647,-1945,2021-01-01,46515,48460,6
2021,1,Santa Fe,5180,8910,201632,204458,91846,65476,236924,24382,2021-01-01,838808,814426,15
2021,1,Santiago Del Estero,1230,9090,33884,58464,8549,7000,4868,4144,2021-01-01,127229,123085,8
2021,1,Tierra Del Fuego,170,0,21379,1468,4317,4860,919,11836,2021-01-01,44949,33113,9
2021,1,Tucumán,290,970,42810,53416,25255,4188,103437,268,2021-01-01,230634,230366,18
2020,4,Buenos Aires,36939,31197,1109865,242243,214171,213588,2176242,9016,2020-10-01,4033261,4024245,19
2020,4,Capital Federal,1350,2440,160210,78123,60208,80269,1000073,2680,2020-10-01,1385353,1382673,24
2020,4,Catamarca,710,0,8843,874,11436,5910,20406,2309,2020-10-01,50488,48179,20
2020,4,Chaco,3010,1120,24782,22479,26802,15701,40949,7965,2020-10-01,142808,134843,16
2020,4,Chubut,1060,1090,88157,21824,12046,2818,1112,4402,2020-10-01,132509,128107,6
2020,4,Córdoba,1190,2386,214963,135262,82221,70013,384169,13568,2020-10-01,903772,890204,18
2020,4,Corrientes,670,5270,31900,26321,25687,9383,26789,4985,2020-10-01,131005,126020,13
2020,4,Entre Ríos,1050,2911,65659,53556,40755,166,53141,14654,2020-10-01,231892,217238,13
2020,4,Formosa,560,0,23540,7606,7181,1197,8946,168,2020-10-01,49198,49030,11
2020,4,Jujuy,490,1820,23772,14379,4493,4460,19282,2811,2020-10-01,71507,68696,13
2020,4,La Pampa,2980,5540,70184,8124,6562,2396,6257,252,2020-10-01,102295,102043,6
2020,4,La Rioja,180,10,36906,606,4633,1810,4979,0,2020-10-01,49124,49124,8
2020,4,Mendoza,280,400,146312,11172,40396,3378,11557,257,2020-10-01,213752,213495,7
2020,4,Misiones,510,5240,39988,26078,26445,1481,32264,7001,2020-10-01,139007,132006,13
2020,4,Neuquén,1160,3270,56434,8478,5791,5493,50776,572,2020-10-01,131974,131402,15
2020,4,Río Negro,1250,4660,70305,4153,13131,3512,29372,20146,2020-10-01,146529,126383,11
2020,4,Salta,1090,5140,41443,68829,15188,8291,46697,6319,2020-10-01,192997,186678,13
2020,4,San Juan,250,1940,61316,7400,5126,3320,275,4588,2020-10-01,84215,79627,5
2020,4,San Luis,580,0,14020,349,2688,62239,22,36918,2020-10-01,116816,79898,20
2020,4,Santa Cruz,470,0,27173,4382,6634,1033,647,7580,2020-10-01,47919,40339,6
2020,4,Santa Fe,5180,8910,206372,203793,94246,65145,226246,23602,2020-10-01,833494,809892,15
2020,4,Santiago Del Estero,1230,9090,34518,5759,4666,4110,4520,3932,2020-10-01,67825,63893,7
2020,4,Tierra Del Fuego,170,0,21881,6119,3497,4880,922,669,2020-10-01,38138,37469,8
2020,4,Tucumán,290,970,44095,54334,32155,4105,93594,268,2020-10-01,229811,229543,17
2020,3,Buenos Aires,37542,31514,1113823,23471,219772,194248,2085815,19853,2020-07-01,3726038,3706185,20
2020,3,Capital Federal,2640,3120,162222,85083,68753,78028,977766,2470,2020-07-01,1380082,1377612,24
2020,3,Catamarca,630,0,8276,8768,11195,5620,18886,2154,2020-07-01,55529,53375,18
2020,3,Chaco,3080,1120,24675,21639,27546,13751,38729,7194,2020-07-01,137734,130540,16
2020,3,Chubut,1580,1090,87559,22114,12217,2818,1110,3942,2020-07-01,132430,128488,6
2020,3,Córdoba,1680,3064,218599,124833,84236,63823,361021,11728,2020-07-01,868984,857256,18
2020,3,Corrientes,720,5270,35190,23315,25308,8615,25344,502,2020-07-01,124264,123762,13
2020,3,Entre Ríos,1300,2911,66648,51478,40797,14377,49395,15759,2020-07-01,242665,226906,13
2020,3,Formosa,3910,1510,23163,7432,7125,9910,8219,1737,2020-07-01,63006,61269,12
2020,3,Jujuy,550,1820,32131,10566,45198,2930,15238,3065,2020-07-01,111498,108433,12
2020,3,La Pampa,2930,8100,66695,782,5577,2189,6322,4029,2020-07-01,96624,92595,6
2020,3,La Rioja,210,10,37105,5955,466,1240,4748,20,2020-07-01,49754,49734,7
2020,3,Mendoza,580,400,141404,12123,42433,3448,8237,450,2020-07-01,209075,208625,7
2020,3,Misiones,710,5240,39005,24215,25942,13663,30987,8779,2020-07-01,148541,139762,14
2020,3,Neuquén,2180,3270,60463,6561,5975,5449,49439,8030,2020-07-01,141367,133337,14
2020,3,Río Negro,1140,4660,68986,3769,7096,3455,28488,19093,2020-07-01,136687,117594,11
2020,3,Salta,1290,5140,32780,64736,1599,7928,43773,14996,2020-07-01,172242,157246,13
2020,3,San Juan,480,1940,65526,7110,6529,410,128,415,2020-07-01,82538,82123,4
2020,3,San Luis,1050,0,12199,3351,2666,61319,8,36917,2020-07-01,117510,80593,20
2020,3,Santa Cruz,660,0,26888,4015,673,6290,120,8330,2020-07-01,46976,38646,7
2020,3,Santa Fe,5680,1241,213353,199381,92095,58797,210562,27001,2020-07-01,808110,781109,14
2020,3,Santiago Del Estero,1330,9090,33287,57418,4658,2920,3994,4801,2020-07-01,117498,112697,7
2020,3,Tierra Del Fuego,110,0,22094,5414,3726,4810,937,6992,2020-07-01,44083,37091,8
2020,3,Tucumán,520,970,45913,5461,33126,3246,84195,2637,2020-07-01,176068,173431,19
2020,2,Buenos Aires,37542,31606,1129236,241336,233132,188995,1894466,21233,2020-04-01,3777546,3756313,18
2020,2,Capital Federal,2640,3120,166474,94585,79858,8016,935481,6870,2020-04-01,1297044,1290174,23
2020,2,Catamarca,630,0,8801,869,10242,4260,16578,3176,2020-04-01,44556,41380,19
2020,2,Chaco,3080,9280,24350,2114,29044,12082,33311,6969,2020-04-01,120230,113261,16
2020,2,Chubut,1580,1090,69578,22188,10537,1473,614,3999,2020-04-01,111059,107060,5
2020,2,Córdoba,1680,4383,219025,125932,8953,63216,325243,8971,2020-04-01,757403,748432,17
2020,2,Corrientes,720,5270,34242,22845,25844,7898,22418,502,2020-04-01,119739,119237,13
2020,2,Entre Ríos,1300,3679,66758,5064,4209,12856,43391,14569,2020-04-01,151826,137257,14
2020,2,Formosa,3910,1510,23534,7109,6998,9610,7475,1313,2020-04-01,61459,60146,11
2020,2,Jujuy,550,1820,30548,10519,26829,2090,9417,16557,2020-04-01,98330,81773,11
2020,2,La Pampa,2930,8100,71218,7531,38,1657,3377,1123,2020-04-01,95974,94851,4
2020,2,La Rioja,210,10,37375,5661,4686,730,4336,20,2020-04-01,53028,53008,7
2020,2,Mendoza,580,400,142253,12439,35274,3248,5422,245,2020-04-01,199861,199616,6
2020,2,Misiones,710,5240,39867,23719,26445,12305,28763,8646,2020-04-01,145695,137049,13
2020,2,Neuquén,2180,3270,61171,6103,6625,5296,46432,0,2020-04-01,131077,131077,14
2020,2,Río Negro,1140,4660,70817,3335,7498,3246,26953,17057,2020-04-01,134706,117649,10
2020,2,Salta,1290,5140,41801,64463,16989,7741,39594,6531,2020-04-01,183549,177018,13
2020,2,San Juan,480,1940,59113,9170,4908,400,127,443,2020-04-01,76581,76138,4
2020,2,San Luis,1050,0,11439,3585,1934,60889,8,35992,2020-04-01,114897,78905,20
2020,2,Santa Cruz,660,0,26938,4166,6541,5460,119,4930,2020-04-01,48814,43884,8
2020,2,Santa Fe,5680,2061,213054,198772,96575,57236,189473,20193,2020-04-01,783044,762851,14
2020,2,Santiago Del Estero,1330,1779,32557,57709,5178,2470,3328,4516,2020-04-01,108867,104351,7
2020,2,Tierra Del Fuego,110,0,22325,5186,3034,3910,796,7446,2020-04-01,42807,35361,8
2020,2,Tucumán,520,970,49028,54537,34184,2246,74377,2635,2020-04-01,218497,215862,15
2020,1,Buenos Aires,38215,36802,1122034,236421,247977,20578,1802583,28935,2020-01-01,3533545,3504610,18
2020,1,Capital Federal,2640,3120,169651,102254,89665,85899,906009,0,2020-01-01,1359238,1359238,23
2020,1,Catamarca,630,0,8838,7543,9558,4080,10299,2151,2020-01-01,43099,40948,15
2020,1,Chaco,3080,9280,23291,19976,29851,10416,28539,6917,2020-01-01,131350,124433,14
2020,1,Chubut,1580,1090,69586,12957,7756,124,614,45,2020-01-01,93752,93707,5
2020,1,Córdoba,1420,5128,217229,120188,95827,65733,296875,9802,2020-01-01,812202,802400,17
2020,1,Corrientes,720,5270,33479,21382,26679,7351,19467,478,2020-01-01,114826,114348,12
2020,1,Entre Ríos,1300,4081,72280,47132,41125,11988,39794,13762,2020-01-01,231462,217700,12
2020,1,Formosa,1127,3420,23761,65,6564,9640,6918,1000,2020-01-01,52495,51495,12
2020,1,Jujuy,550,1820,33120,9979,26693,1660,7349,16545,2020-01-01,97716,81171,10
2020,1,La Pampa,2930,8110,72740,7199,3029,1342,2113,1618,2020-01-01,99081,97463,4
2020,1,La Rioja,210,10,37209,5158,464,220,1294,0,2020-01-01,44565,44565,5
2020,1,Mendoza,580,400,140410,12285,17489,286,3818,0,2020-01-01,175268,175268,5
2020,1,Misiones,710,5240,36622,21271,26433,11581,26313,10885,2020-01-01,139055,128170,13
2020,1,Neuquén,2180,3270,60152,5257,7123,5399,43738,0,2020-01-01,127119,127119,14
2020,1,Río Negro,1140,4660,69154,293,7857,3199,25488,17719,2020-01-01,129510,111791,10
2020,1,Salta,1290,5140,38537,63714,17991,8625,34744,6441,2020-01-01,176482,170041,12
2020,1,San Juan,480,1940,59787,1594,1292,400,127,4779,2020-01-01,70399,65620,3
2020,1,San Luis,1050,0,11322,4164,5250,58258,5,36075,2020-01-01,116124,80049,20
2020,1,Santa Cruz,670,110,27447,4993,5169,5290,119,0,2020-01-01,43798,43798,7
2020,1,Santa Fe,6960,2994,217553,196826,10456,48448,173823,17656,2020-01-01,674716,657060,13
2020,1,Santiago Del Estero,1330,1779,33086,56884,3737,1350,2799,4501,2020-01-01,105466,100965,7
2020,1,Tierra Del Fuego,110,10,22976,5024,1834,1960,518,7046,2020-01-01,39478,32432,6
2020,1,Tucumán,520,970,49555,50383,31096,173,67536,0,2020-01-01,200233,200233,15
2019,4,Buenos Aires,33489,27537,1177446,262297,247106,45257,1465133,20676,2019-10-01,3278941,3258265,16
2019,4,Capital Federal,3070,150,177098,110218,110852,20581,753805,0,2019-10-01,1175774,1175774,22
2019,4,Catamarca,630,0,9945,7619,9305,8040,7477,3098,2019-10-01,46114,43016,15
2019,4,Chaco,830,0,25899,18959,30902,13516,21556,6988,2019-10-01,118650,111662,15
2019,4,Chubut,1580,40,69405,12945,7615,124,614,4121,2019-10-01,96444,92323,5
2019,4,Córdoba,1420,0,232781,118232,10933,114111,221742,1035,2019-10-01,700254,699219,16
2019,4,Corrientes,720,0,35055,2062,27367,9981,15744,4995,2019-10-01,95924,90929,13
2019,4,Entre Ríos,470,0,88203,44511,42962,18976,30153,14178,2019-10-01,239453,225275,11
2019,4,Formosa,1127,1910,24606,6319,6788,1766,5671,2430,2019-10-01,50617,48187,9
2019,4,Jujuy,550,0,32920,9632,26764,1020,5286,14122,2019-10-01,90294,76172,10
2019,4,La Pampa,2930,3130,76747,69,1951,1287,1342,1566,2019-10-01,89022,87456,4
2019,4,La Rioja,210,0,37846,5045,4763,220,1305,0,2019-10-01,49389,49389,5
2019,4,Mendoza,7460,90,145139,12955,15237,2165,2628,6901,2019-10-01,192575,185674,5
2019,4,Misiones,710,0,39664,2084,27305,15626,20799,11508,2019-10-01,117696,106188,14
2019,4,Neuquén,2180,10,57370,4439,7357,12059,35001,0,2019-10-01,118416,118416,14
2019,4,Río Negro,1140,0,71847,2797,8558,6968,19837,17019,2019-10-01,128166,111147,10
2019,4,Salta,1490,10,42159,67656,15369,1417,25821,712,2019-10-01,154634,153922,11
2019,4,San Juan,480,10,60626,1594,1292,400,127,1246,2019-10-01,65775,64529,4
2019,4,San Luis,1050,0,11901,4164,5250,55216,3,36287,2019-10-01,113871,77584,19
2019,4,Santa Cruz,670,0,32368,4346,2224,70,8,3500,2019-10-01,43186,39686,4
2019,4,Santa Fe,6980,0,230234,190664,113527,70998,135576,27472,2019-10-01,775451,747979,13
2019,4,Santiago Del Estero,1330,9080,34911,56309,3756,1050,2449,5017,2019-10-01,113902,108885,6
2019,4,Tierra Del Fuego,110,0,23593,505,1848,1390,1962,7789,2019-10-01,37197,29408,7
2019,4,Tucumán,550,0,54544,52017,28916,6405,56707,0,2019-10-01,199139,199139,14
2019,3,Buenos Aires,23892,44648,1432722,222812,260506,483572,1246209,42294,2019-07-01,3756655,3714361,16
2019,3,Capital Federal,1040,3680,269704,120924,138011,258591,655108,0,2019-07-01,1447058,1447058,20
2019,3,Catamarca,340,430,14449,9285,6333,720,15,2151,2019-07-01,33723,31572,7
2019,3,Chaco,690,1216,32764,28198,13336,12987,16740,6917,2019-07-01,112848,105931,12
2019,3,Chubut,740,8400,62680,13033,7171,124,614,45,2019-07-01,92807,92762,4
2019,3,Córdoba,830,5824,240151,106651,118486,146247,157546,7353,2019-07-01,783088,775735,15
2019,3,Corrientes,100,5970,42231,29628,10348,10388,12674,478,2019-07-01,111817,111339,10
2019,3,Entre Ríos,190,4446,99656,56161,17064,21216,22645,15107,2019-07-01,236485,221378,10
2019,3,Formosa,111,3490,24943,6049,7117,2262,4443,1000,2019-07-01,49415,48415,8
2019,3,Jujuy,270,8850,31722,924,26835,560,3671,16545,2019-07-01,89377,72832,8
2019,3,La Pampa,2370,3289,75849,5922,1611,1359,941,1618,2019-07-01,92959,91341,4
2019,3,La Rioja,90,100,38657,4786,4887,220,1307,0,2019-07-01,50047,50047,5
2019,3,Mendoza,210,1269,206821,2958,10093,1263,349,0,2019-07-01,222963,222963,4
2019,3,Misiones,470,1928,43530,29375,11256,16107,16650,12206,2019-07-01,131522,119316,12
2019,3,Neuquén,450,2258,62909,4586,9597,16923,28458,1220,2019-07-01,126401,125181,13
2019,3,Río Negro,470,1234,87435,2348,9779,10176,15505,17719,2019-07-01,144666,126947,9
2019,3,Salta,490,9000,43160,6223,14309,11418,12357,7515,2019-07-01,104472,96957,11
2019,3,San Juan,220,1710,68315,2245,1267,410,128,4779,2019-07-01,79074,74295,3
2019,3,San Luis,570,1000,18643,5113,4670,62242,5,36075,2019-07-01,128318,92243,18
2019,3,Santa Cruz,280,840,31612,4472,1203,270,4,0,2019-07-01,38681,38681,4
2019,3,Santa Fe,6400,8184,242454,193286,107068,84325,97082,19537,2019-07-01,758336,738799,12
2019,3,Santiago Del Estero,390,1832,35554,55172,3612,860,1836,34501,2019-07-01,133757,99256,7
2019,3,Tierra Del Fuego,60,140,32133,4692,1756,820,226,9648,2019-07-01,49475,39827,5
2019,3,Tucumán,160,1100,71043,47693,24354,8430,20385,0,2019-07-01,173165,173165,10
2019,2,Buenos Aires,199768,46852,1436259,217785,438663,502275,985767,43438,2019-04-01,3870807,3827369,14
2019,2,Catamarca,340,430,16631,867,6049,340,10,2151,2019-04-01,26818,24667,6
2019,2,Chaco,690,1383,38488,26431,16789,15348,9904,1492,2019-04-01,110525,109033,11
2019,2,Chubut,660,3952,69032,10049,1495,740,165,45,2019-04-01,86138,86093,4
2019,2,Córdoba,810,8165,248427,100512,157458,170159,76053,8938,2019-04-01,770522,761584,13
2019,2,Corrientes,100,3012,40424,27774,13114,11928,7119,608,2019-04-01,104079,103471,10
2019,2,Entre Ríos,180,5905,100687,52316,23196,24221,10664,17206,2019-04-01,234375,217169,9
2019,2,Formosa,111,3490,26512,5399,8384,2639,2258,1000,2019-04-01,49793,48793,8
2019,2,Jujuy,270,9400,26233,8441,267,270,2600,21765,2019-04-01,69246,47481,5
2019,2,La Pampa,2360,3289,75406,5191,1366,1445,629,2661,2019-04-01,92347,89686,4
2019,2,Misiones,470,2226,45769,27385,15408,18882,8129,12206,2019-04-01,130475,118269,11
2019,2,Neuquén,3020,3038,61776,4688,17318,2121,14132,4220,2019-04-01,110313,106093,9
2019,2,Río Negro,3840,1354,86366,2201,10291,12407,6907,18519,2019-04-01,141885,123366,8
2019,2,Salta,490,9740,59638,36923,16961,14059,6461,7585,2019-04-01,151857,144272,9
2019,2,San Juan,220,2130,60913,2177,7850,70,4,6119,2019-04-01,79483,73364,4
2019,2,San Luis,570,1020,16575,4964,4670,57236,5,37977,2019-04-01,123017,85040,18
2019,2,Santa Fe,3210,8427,300124,125176,129741,100131,49865,22323,2019-04-01,738997,716674,11
2019,2,Santiago Del Estero,390,1832,63268,21362,3741,1080,1205,34501,2019-04-01,127379,92878,5
2019,1,Buenos Aires,162513,72296,1429964,202511,576428,576859,705769,6369,2019-01-01,3732709,3726340,13
2019,1,Capital Federal,740,7417,283787,131007,330122,365713,283463,0,2019-01-01,1402249,1402249,17
2019,1,Catamarca,340,1708,18761,6443,5606,290,7,2151,2019-01-01,35306,33155,6
2019,1,Chaco,690,3801,38719,25632,18965,12393,6368,1035,2019-01-01,107603,106568,10
2019,1,Chubut,660,3938,71077,6571,7870,740,165,0,2019-01-01,91021,91021,4
2019,1,Córdoba,810,20403,242769,96997,200681,127965,50716,6806,2019-01-01,747147,740341,12
2019,1,Corrientes,100,647,38402,26562,15498,9688,5029,0,2019-01-01,95926,95926,10
2019,1,Entre Ríos,180,9217,107013,50068,28957,18146,7619,12142,2019-01-01,233342,221200,8
2019,1,Formosa,111,3023,23085,5301,9027,2099,1654,0,2019-01-01,44300,44300,8
2019,1,Jujuy,270,2817,30727,7811,4021,300,1141,37162,2019-01-01,84249,47087,5
2019,1,La Pampa,2360,8327,70538,4466,1061,1354,405,6980,2019-01-01,95491,88511,3
2019,1,La Rioja,90,1169,40285,4088,5216,170,869,0,2019-01-01,51887,51887,5
2019,1,Mendoza,200,1786,205383,2837,5702,1110,140,0,2019-01-01,217158,217158,3
2019,1,Misiones,470,5946,45266,2589,19111,16552,5167,7654,2019-01-01,102755,95101,10
2019,1,Neuquén,1328,3055,52360,1781,21452,17135,11026,6105,2019-01-01,114242,108137,11
2019,1,Río Negro,3840,1583,84845,2037,13615,9567,5076,3719,2019-01-01,124282,120563,7
2019,1,Salta,490,4232,59244,36473,2291,10861,2242,10,2019-01-01,115843,115833,7
2019,1,San Juan,220,2290,62380,2660,5200,30,2,5600,2019-01-01,78382,72782,4
2019,1,San Luis,570,1200,21380,53214,3450,60,2,23577,2019-01-01,103453,79876,6
2019,1,Santa Cruz,250,1280,21990,2731,7020,260,4,0,2019-01-01,33535,33535,6
2019,1,Santa Fe,3330,2935,296798,122959,153212,74575,36502,18591,2019-01-01,708902,690311,10
2019,1,Santiago Del Estero,390,3372,62895,20691,3959,850,494,0,2019-01-01,92651,92651,5
2019,1,Tierra Del Fuego,60,1310,38851,3623,6410,800,29,0,2019-01-01,51083,51083,5
2019,1,Tucumán,160,5188,82240,42877,2621,8470,14839,0,2019-01-01,156395,156395,8
2018,4,Buenos Aires,134673,73761,1422463,194426,577679,949093,265386,19125,2018-10-01,3636606,3617481,12
2018,4,Capital Federal,740,7388,283281,143309,330496,437662,186810,0,2018-10-01,1389686,1389686,17
2018,4,Catamarca,340,1669,17955,6425,5461,290,7,2003,2018-10-01,34150,32147,6
2018,4,Chaco,690,3405,36437,25633,18965,12393,6368,0,2018-10-01,103891,103891,10
2018,4,Chubut,660,3917,66061,6215,5310,6230,165,1144,2018-10-01,89702,88558,5
2018,4,Córdoba,810,24102,228475,97277,201639,128053,48809,8903,2018-10-01,738068,729165,12
2018,4,Corrientes,100,6438,37376,26562,15498,9688,5029,0,2018-10-01,100691,100691,9
2018,4,Entre Ríos,180,8769,94780,50027,29002,18146,7612,13693,2018-10-01,222209,208516,8
2018,4,Formosa,111,3074,22962,5285,9027,2092,1654,0,2018-10-01,44205,44205,8
2018,4,Jujuy,270,2803,30727,7811,4021,300,1141,43573,2018-10-01,90646,47073,5
2018,4,La Pampa,2410,7727,70508,3661,9780,1328,270,9230,2018-10-01,104914,95684,4
2018,4,La Rioja,90,1164,40285,4088,5216,170,869,30,2018-10-01,51912,51882,5
2018,4,Mendoza,200,1463,197450,2494,4726,190,132,0,2018-10-01,206655,206655,3
2018,4,Misiones,470,5981,43267,26019,19226,16566,5167,0,2018-10-01,116696,116696,10
2018,4,Neuquén,1328,3044,52313,1781,21452,17135,11025,6287,2018-10-01,114365,108078,11
2018,4,Río Negro,3840,1225,83412,6430,1344,9569,5070,3094,2018-10-01,113984,110890,6
2018,4,Salta,490,3659,58492,36365,2291,10861,2242,0,2018-10-01,114400,114400,7
2018,4,San Juan,220,1465,59811,1800,3120,10,1,6060,2018-10-01,72487,66427,4
2018,4,San Luis,570,1090,19164,53183,1190,620,2,23635,2018-10-01,99454,75819,6
2018,4,Santa Cruz,250,1150,23107,7790,2060,10,4,5310,2018-10-01,39681,34371,5
2018,4,Santa Fe,3350,31397,276301,121009,152039,74432,36427,2845,2018-10-01,697800,694955,10
2018,4,Santiago Del Estero,390,325,61347,20127,3686,770,483,3260,2018-10-01,90388,87128,5
2018,4,Tierra Del Fuego,60,270,29919,6323,9894,240,67,0,2018-10-01,46773,46773,6
2018,4,Tucumán,160,5244,82089,42766,26111,8470,14839,920,2018-10-01,180599,179679,9
2018,3,Buenos Aires,9910,80459,1445733,190805,63609,897964,237248,120464,2018-07-01,3046192,2925728,12
2018,3,Capital Federal,730,8493,287919,147253,370677,41502,165055,0,2018-07-01,1021629,1021629,13
2018,3,Catamarca,340,1994,18475,6358,532,340,7,2151,2018-07-01,30197,28046,4
2018,3,Chaco,700,3503,38729,24916,20335,11085,5667,1035,2018-07-01,105970,104935,10
2018,3,Chubut,670,3951,91096,6162,5310,6230,164,0,2018-07-01,113583,113583,5
2018,3,Córdoba,810,24767,224471,96372,221984,109333,39854,649,2018-07-01,718240,717591,12
2018,3,Corrientes,110,6754,38364,24953,16601,8357,4419,0,2018-07-01,99558,99558,9
2018,3,Entre Ríos,180,9048,96095,45651,31353,15111,6786,0,2018-07-01,204224,204224,8
2018,3,Formosa,111,3365,22624,5259,9336,1729,1434,0,2018-07-01,43858,43858,7
2018,3,Jujuy,3450,302,29048,7756,4066,390,623,0,2018-07-01,45635,45635,5
2018,3,La Pampa,2420,8417,68507,3153,9200,1189,216,6980,2018-07-01,100082,93102,4
2018,3,La Rioja,90,1291,40647,4138,5425,200,339,0,2018-07-01,52130,52130,5
2018,3,Mendoza,200,1525,199297,2476,4727,270,129,0,2018-07-01,208624,208624,3
2018,3,Misiones,480,5749,39617,24747,21212,14674,4547,0,2018-07-01,111026,111026,10
2018,3,Neuquén,1396,2244,55822,1647,23785,15218,9718,6105,2018-07-01,115935,109830,11
2018,3,Río Negro,4090,5221,75929,5120,14912,847,4332,3719,2018-07-01,114170,110451,6
2018,3,Salta,1160,3721,61795,32782,25582,9224,502,0,2018-07-01,134766,134766,8
2018,3,San Juan,220,1326,62525,1800,3120,30,1,0,2018-07-01,69022,69022,4
2018,3,San Luis,570,1090,19170,5294,1190,630,2,1902,2018-07-01,29848,27946,5
2018,3,Santa Cruz,260,1160,32815,7780,2060,10,3,0,2018-07-01,44088,44088,4
2018,3,Santa Fe,4670,36786,269211,115907,162545,62479,31266,13911,2018-07-01,696775,682864,10
2018,3,Santiago Del Estero,410,255,60260,19116,3806,640,265,0,2018-07-01,84752,84752,5
2018,3,Tierra Del Fuego,60,1870,41569,227,2310,240,13,0,2018-07-01,46289,46289,4
2018,3,Tucumán,160,5993,81559,43282,27062,9410,12187,0,2018-07-01,179653,179653,9
2018,2,Buenos Aires,1009,81354,1459443,295457,816056,536049,199589,113357,2018-04-01,3502314,3388957,11
2018,2,Capital Federal,730,9234,290291,219166,445345,264805,142253,0,2018-04-01,1371824,1371824,14
2018,2,Catamarca,340,2414,14624,6112,4347,360,6,65,2018-04-01,28268,28203,6
2018,2,Chaco,700,2968,34167,24282,21887,9251,4630,1035,2018-04-01,98920,97885,10
2018,2,Chubut,670,4471,85598,5369,40,50,9,501,2018-04-01,96708,96207,3
2018,2,Córdoba,810,21779,219630,102596,244291,78852,34950,811,2018-04-01,703719,702908,11
2018,2,Corrientes,110,7047,38268,24066,17926,678,3862,0,2018-04-01,91957,91957,7
2018,2,Entre Ríos,180,8179,94459,4457,34281,12012,5920,0,2018-04-01,159488,159488,8
2018,2,Formosa,111,3568,22409,5176,9727,1313,1243,0,2018-04-01,43547,43547,7
2018,2,Jujuy,3450,332,29319,8083,3977,440,7,0,2018-04-01,45608,45608,5
2018,2,La Pampa,2440,8797,68083,2409,9650,9690,179,6980,2018-04-01,108228,101248,6
2018,2,La Rioja,90,1384,40679,4198,564,200,15,0,2018-04-01,47130,47130,4
2018,2,Mendoza,200,1658,164596,5150,2660,170,72,33788,2018-04-01,208294,174506,3
2018,2,Misiones,480,6092,39489,23569,23747,11888,3866,0,2018-04-01,109131,109131,10
2018,2,Neuquén,1396,2408,56035,1314,26417,12442,8551,6105,2018-04-01,114668,108563,10
2018,2,Río Negro,4090,5298,75056,5230,1648,6663,3725,3975,2018-04-01,105685,101710,6
2018,2,Salta,1160,399,61763,33285,28431,7239,182,0,2018-04-01,132459,132459,8
2018,2,San Juan,220,1378,57591,110,0,30,0,5068,2018-04-01,64397,59329,3
2018,2,San Luis,570,1010,11992,110,0,70,2,9284,2018-04-01,23038,13754,3
2018,2,Santa Cruz,260,1200,28600,6550,1000,10,3,4267,2018-04-01,41890,37623,4
2018,2,Santa Fe,7440,34267,262603,112143,17554,50525,26512,22257,2018-04-01,533301,511044,8
2018,2,Santiago Del Estero,410,2717,41362,18721,3278,310,31,17589,2018-04-01,84418,66829,5
2018,2,Tierra Del Fuego,60,1880,40912,2217,750,0,0,1070,2018-04-01,46889,45819,3
2018,2,Tucumán,160,6735,79899,44968,27059,1084,8784,1305,2018-04-01,169994,168689,7
2018,1,Buenos Aires,1514,74766,1445752,292732,886678,480237,184203,105818,2018-01-01,3471700,3365882,11
2018,1,Capital Federal,890,10039,292566,222737,487826,227953,127384,0,2018-01-01,1369395,1369395,14
2018,1,Catamarca,340,2896,14770,6145,3539,410,4,65,2018-01-01,28169,28104,5
2018,1,Chaco,700,3261,32516,24488,23296,8219,3897,1035,2018-01-01,97412,96377,10
2018,1,Chubut,670,4314,83161,5358,40,50,9,501,2018-01-01,94103,93602,3
2018,1,Córdoba,2810,23922,222815,1043,266259,57137,29228,10049,2018-01-01,613263,603214,11
2018,1,Corrientes,110,5005,37152,24038,19068,589,3256,0,2018-01-01,89218,89218,8
2018,1,Entre Ríos,180,8861,90080,45599,37401,9818,5071,0,2018-01-01,197010,197010,8
2018,1,Formosa,111,3803,10092,5117,10061,1091,1046,0,2018-01-01,31321,31321,9
2018,1,Jujuy,3450,4807,27219,8044,3925,490,4,0,2018-01-01,47939,47939,4
2018,1,La Pampa,2450,8119,67104,1616,1076,6140,98,3503,2018-01-01,90106,86603,4
2018,1,La Rioja,90,1485,40680,4217,5831,190,1,0,2018-01-01,52494,52494,5
2018,1,Mendoza,200,1662,164599,5010,2660,190,72,33788,2018-01-01,208181,174393,3
2018,1,Misiones,480,47,35820,23291,26223,10241,3219,0,2018-01-01,99321,99321,10
2018,1,Neuquén,1396,2367,59468,1311,29012,9709,7378,6105,2018-01-01,116746,110641,10
2018,1,Río Negro,4090,5333,74894,5300,17997,4972,3129,3975,2018-01-01,119690,115715,6
2018,1,Salta,1160,4459,60334,33088,30771,5145,88,0,2018-01-01,135045,135045,7
2018,1,San Juan,220,1058,57078,110,0,30,0,5068,2018-01-01,63564,58496,3
2018,1,San Luis,570,1010,11920,110,0,70,2,9284,2018-01-01,22966,13682,3
2018,1,Santa Cruz,260,1200,28600,6550,1000,10,3,4267,2018-01-01,41890,37623,4
2018,1,Santa Fe,1359,33639,262008,108576,1889,39589,22801,23181,2018-01-01,493042,469861,7
2018,1,Santiago Del Estero,410,291,41298,18914,3449,330,2,17589,2018-01-01,82283,64694,5
2018,1,Tierra Del Fuego,60,3070,33987,20,0,0,0,1070,2018-01-01,38207,37137,3
2018,1,Tucumán,160,7472,78811,45675,26405,1218,7082,1305,2018-01-01,168128,166823,7
2017,4,Buenos Aires,3865,55046,1551194,264645,712513,33514,151747,114182,2017-10-01,2886706,2772524,8
2017,4,Capital Federal,3140,31411,517018,28404,45812,178396,114939,0,2017-10-01,919120,919120,11
2017,4,Catamarca,340,3182,15315,5904,2927,430,2,2151,2017-10-01,30251,28100,5
2017,4,Chaco,700,3432,37144,24088,20123,729,3289,1035,2017-10-01,90540,89505,8
2017,4,Chubut,670,4313,83676,5355,70,50,9,0,2017-10-01,94143,94143,3
2017,4,Córdoba,2910,25411,280837,102892,217602,40898,24251,8429,2017-10-01,703230,694801,9
2017,4,Corrientes,110,522,41080,23686,16046,5053,2675,0,2017-10-01,89172,89172,8
2017,4,Entre Ríos,1685,9078,95466,45189,3001,7958,4113,0,2017-10-01,166490,166490,6
2017,4,Formosa,111,4061,13220,4867,6996,9770,824,0,2017-10-01,39849,39849,11
2017,4,Jujuy,3450,5364,26566,7721,3507,440,3,0,2017-10-01,47051,47051,4
2017,4,La Pampa,3100,8729,66053,1227,7920,3910,81,3503,2017-10-01,94523,91020,5
2017,4,La Rioja,90,1488,40777,4083,5813,220,3,0,2017-10-01,52474,52474,5
2017,4,Mendoza,260,1656,177646,4380,2780,290,81,0,2017-10-01,187093,187093,3
2017,4,Misiones,1053,39,41723,23131,22262,9091,2735,0,2017-10-01,100034,100034,9
2017,4,Neuquén,1396,2372,68036,1325,22781,7528,6300,6105,2017-10-01,115843,109738,8
2017,4,Río Negro,4090,5598,81078,4850,12502,3447,2440,3719,2017-10-01,117724,114005,5
2017,4,Salta,6360,4275,73284,32842,18968,3559,84,0,2017-10-01,139372,139372,6
2017,4,San Juan,220,1062,57525,90,0,20,2,0,2017-10-01,58919,58919,3
2017,4,San Luis,590,1010,12822,80,0,10,7,1902,2017-10-01,16421,14519,3
2017,4,Santa Cruz,680,780,29073,6550,1000,10,3,0,2017-10-01,38096,38096,4
2017,4,Santa Fe,3109,34132,309998,108939,151329,30736,19602,14119,2017-10-01,671964,657845,8
2017,4,Santiago Del Estero,410,3091,43544,18773,3359,320,2,0,2017-10-01,69499,69499,5
2017,4,Tierra Del Fuego,60,3100,31334,20,0,0,0,0,2017-10-01,34514,34514,3
2017,4,Tucumán,1050,8164,78750,45241,24318,1303,4367,0,2017-10-01,163193,163193,7
2017,3,Buenos Aires,6577,51411,1733479,311652,676137,140812,108400,0,2017-07-01,3028468,3028468,8
2017,3,Capital Federal,2830,33924,590689,311411,4263,120675,91917,0,2017-07-01,1155709,1155709,9
2017,3,Catamarca,520,3204,15383,5758,2563,500,1,0,2017-07-01,27929,27929,5
2017,3,Chaco,950,3496,40059,23008,20307,3827,2004,0,2017-07-01,93651,93651,8
2017,3,Chubut,4360,3989,71843,2336,30,0,0,0,2017-07-01,82558,82558,3
2017,3,Córdoba,3270,26154,309161,100113,189302,38131,16741,0,2017-07-01,682872,682872,9
2017,3,Corrientes,240,5629,44305,22785,15576,2635,1607,0,2017-07-01,92777,92777,7
2017,3,Entre Ríos,1691,7545,98032,42947,29011,3878,2397,0,2017-07-01,185501,185501,6
2017,3,Formosa,1063,3716,13752,5187,6056,8990,459,0,2017-07-01,39223,39223,10
2017,3,Jujuy,3370,5723,26835,7369,2962,410,2,0,2017-07-01,46671,46671,4
2017,3,La Pampa,3430,8244,64794,8550,5880,3270,51,0,2017-07-01,94219,94219,5
2017,3,La Rioja,160,1497,40882,3899,5604,230,3,0,2017-07-01,52275,52275,5
2017,3,Mendoza,320,950,158461,1150,670,290,19,0,2017-07-01,161860,161860,3
2017,3,Misiones,1058,4123,42900,22808,23913,3843,1881,0,2017-07-01,100526,100526,8
2017,3,Neuquén,2036,1457,72532,1034,20213,7067,4937,0,2017-07-01,109276,109276,8
2017,3,Río Negro,4220,5641,83900,3060,10116,2965,1659,0,2017-07-01,111561,111561,5
2017,3,Salta,6450,4494,78830,32433,1462,2315,63,0,2017-07-01,126047,126047,4
2017,3,San Juan,310,1077,57582,10,0,20,2,0,2017-07-01,59001,59001,3
2017,3,San Luis,630,30,12325,70,0,10,7,0,2017-07-01,13072,13072,3
2017,3,Santa Cruz,1880,230,29102,5420,660,330,1,0,2017-07-01,37623,37623,4
2017,3,Santa Fe,3116,34019,320017,104453,125339,24536,12982,0,2017-07-01,624462,624462,7
2017,3,Santiago Del Estero,690,3288,40435,18489,3047,300,2,0,2017-07-01,66251,66251,5
2017,3,Tierra Del Fuego,90,2970,33858,0,0,0,0,0,2017-07-01,36918,36918,3
2017,3,Tucumán,1090,8948,83070,45302,20514,1361,655,0,2017-07-01,160940,160940,6
2017,2,Buenos Aires,7548,47472,1910156,299009,573298,93059,46178,0,2017-04-01,2976720,2976720,7
2017,2,Capital Federal,5560,35663,726223,30497,378571,80234,37977,0,2017-04-01,1294725,1294725,8
2017,2,Catamarca,150,3318,15655,5325,2342,470,1,0,2017-04-01,27261,27261,5
2017,2,Chaco,1910,3733,42590,22349,18044,3157,545,0,2017-04-01,92328,92328,7
2017,2,Chubut,4030,4186,73760,188,0,0,0,0,2017-04-01,82164,82164,3
2017,2,Córdoba,2510,26862,370865,88479,146683,20351,5069,0,2017-04-01,660819,660819,7
2017,2,Corrientes,150,5912,46483,21776,13043,2218,647,0,2017-04-01,90229,90229,6
2017,2,Entre Ríos,168,7944,104422,418,23524,2604,823,0,2017-04-01,139903,139903,5
2017,2,Formosa,1486,3419,14787,4795,4583,7490,139,0,2017-04-01,36699,36699,9
2017,2,Jujuy,3110,5877,26915,6974,2538,420,1,0,2017-04-01,45835,45835,4
2017,2,La Pampa,3560,8633,59045,5580,3360,2440,21,0,2017-04-01,82639,82639,4
2017,2,La Rioja,90,1554,9304,3599,1796,240,2,0,2017-04-01,16585,16585,5
2017,2,Mendoza,1090,240,177203,920,500,50,22,0,2017-04-01,180025,180025,3
2017,2,Misiones,1011,4447,47244,22033,21599,2892,570,0,2017-04-01,99796,99796,7
2017,2,Neuquén,1542,1395,81272,8490,18051,4774,1703,0,2017-04-01,117227,117227,6
2017,2,Río Negro,9730,5606,88085,2450,799,1921,559,0,2017-04-01,109150,109150,3
2017,2,Salta,5940,4719,67576,23185,11333,1068,76,0,2017-04-01,113897,113897,5
2017,2,San Juan,150,1930,58588,0,0,0,4,0,2017-04-01,60672,60672,3
2017,2,San Luis,80,40,14014,0,0,10,2,0,2017-04-01,14146,14146,3
2017,2,Santa Cruz,1880,240,30913,5410,660,330,0,0,2017-04-01,39433,39433,4
2017,2,Santa Fe,4967,38721,311830,92854,97563,16794,4275,0,2017-04-01,567004,567004,6
2017,2,Santiago Del Estero,260,3539,20384,6432,2802,160,0,0,2017-04-01,33577,33577,5
2017,2,Tierra Del Fuego,160,2850,35409,0,0,0,0,0,2017-04-01,38419,38419,3
2017,2,Tucumán,960,9236,83342,42536,17788,1371,21,0,2017-04-01,155254,155254,6
2017,1,Buenos Aires,6017,83918,2057698,402315,52354,90937,22299,0,2017-01-01,2715538,2715538,5
2017,1,Capital Federal,5100,1409,678922,218487,277195,66536,19881,0,2017-01-01,1267530,1267530,8
2017,1,Catamarca,150,3328,15861,4901,2161,490,0,0,2017-01-01,26891,26891,5
2017,1,Chaco,1910,3835,44544,21467,15671,3025,314,0,2017-01-01,90766,90766,7
2017,1,Chubut,4010,4182,73759,1808,0,0,0,0,2017-01-01,83759,83759,3
2017,1,Córdoba,500,28732,391556,82011,118643,19035,2071,0,2017-01-01,642548,642548,6
2017,1,Corrientes,150,604,48149,20586,11468,2044,303,0,2017-01-01,83304,83304,6
2017,1,Entre Ríos,168,808,108379,39146,20562,2254,317,0,2017-01-01,171634,171634,6
2017,1,Formosa,1535,3538,15473,4446,4058,6350,22,0,2017-01-01,35422,35422,8
2017,1,Jujuy,3300,6213,27824,6486,2306,440,0,0,2017-01-01,46569,46569,4
2017,1,La Pampa,3620,9279,57739,3310,1920,1650,11,0,2017-01-01,77529,77529,3
2017,1,La Rioja,90,1578,9486,3409,1718,220,2,0,2017-01-01,16503,16503,5
2017,1,Mendoza,1060,150,177201,860,500,50,22,0,2017-01-01,179843,179843,3
2017,1,Misiones,101,4665,45950,23847,19356,2627,166,0,2017-01-01,96712,96712,7
2017,1,Neuquén,1547,1418,83813,9020,1513,4223,458,0,2017-01-01,101992,101992,4
2017,1,Río Negro,9860,5647,89622,2460,6738,1594,200,0,2017-01-01,116121,116121,4
2017,1,Salta,5790,4861,70922,21554,9386,2670,74,0,2017-01-01,115257,115257,5
2017,1,San Juan,80,1920,58588,0,0,0,4,0,2017-01-01,60592,60592,3
2017,1,San Luis,80,40,14014,0,0,10,2,0,2017-01-01,14146,14146,3
2017,1,Santa Cruz,1900,230,31078,4740,680,300,0,0,2017-01-01,38928,38928,4
2017,1,Santa Fe,4966,39463,340418,77152,83008,15775,1831,0,2017-01-01,562613,562613,6
2017,1,Santiago Del Estero,260,3772,21659,6218,2786,170,0,0,2017-01-01,34865,34865,5
2017,1,Tierra Del Fuego,160,2850,35409,0,0,0,0,0,2017-01-01,38419,38419,3
2017,1,Tucumán,960,9682,86470,39155,15951,1383,13,0,2017-01-01,153614,153614,5
2016,4,Buenos Aires,6055,86281,2085605,403575,467398,72348,17279,0,2016-10-01,3138541,3138541,6
2016,4,Capital Federal,5170,1477,704324,225723,264582,53506,16756,0,2016-10-01,1271538,1271538,7
2016,4,Catamarca,150,3478,16519,4889,2077,540,0,0,2016-10-01,27653,27653,5
2016,4,Chaco,1910,3983,45634,21323,14887,2586,250,0,2016-10-01,90573,90573,6
2016,4,Chubut,4010,4493,73951,1352,0,0,0,0,2016-10-01,83806,83806,3
2016,4,Córdoba,500,2938,404645,77966,108368,15458,1606,0,2016-10-01,611481,611481,6
2016,4,Corrientes,150,6109,48995,20187,10908,1645,234,0,2016-10-01,88228,88228,6
2016,4,Entre Ríos,168,8253,110296,38491,19509,1801,280,0,2016-10-01,178798,178798,5
2016,4,Formosa,1573,3519,15791,4114,3855,6490,17,0,2016-10-01,35359,35359,8
2016,4,Jujuy,3030,6225,27778,6143,2134,430,0,0,2016-10-01,45740,45740,4
2016,4,La Pampa,3680,9789,56694,160,3350,1320,11,0,2016-10-01,75004,75004,3
2016,4,La Rioja,90,1646,9635,3334,1675,130,3,0,2016-10-01,16513,16513,5
2016,4,Mendoza,1140,160,177194,790,490,50,20,0,2016-10-01,179844,179844,3
2016,4,Misiones,101,4783,47454,23433,18371,2215,126,0,2016-10-01,96483,96483,7
2016,4,Neuquén,1539,1406,84859,7920,14153,3073,271,0,2016-10-01,113221,113221,5
2016,4,Río Negro,9980,2953,92967,2480,6317,1174,122,0,2016-10-01,115993,115993,4
2016,4,Salta,5770,5027,71636,20787,8611,2390,70,0,2016-10-01,114291,114291,5
2016,4,San Juan,80,2200,58608,0,0,0,4,0,2016-10-01,60892,60892,3
2016,4,San Luis,80,40,14014,0,0,10,2,0,2016-10-01,14146,14146,3
2016,4,Santa Cruz,1890,230,31369,3420,800,100,0,0,2016-10-01,37809,37809,4
2016,4,Santa Fe,4966,40102,349722,74401,77667,13155,1529,0,2016-10-01,561542,561542,6
2016,4,Santiago Del Estero,260,3925,22246,6178,2664,150,0,0,2016-10-01,35423,35423,4
2016,4,Tierra Del Fuego,160,2850,35409,0,0,0,0,0,2016-10-01,38419,38419,3
2016,4,Tucumán,960,10021,87994,37721,14389,14,10,0,2016-10-01,151109,151109,5
2016,3,Buenos Aires,5856,107945,2148475,39353,399116,529,13318,0,2016-07-01,2714592,2714592,5
2016,3,Capital Federal,3310,9950,759028,208249,240856,38341,13886,0,2016-07-01,1273620,1273620,7
2016,3,Catamarca,150,4038,16183,4845,1853,500,0,0,2016-07-01,27569,27569,5
2016,3,Chaco,1900,5227,46821,21193,13746,2022,217,0,2016-07-01,91126,91126,6
2016,3,Chubut,4660,519,74375,6740,0,0,0,0,2016-07-01,86294,86294,3
2016,3,Córdoba,480,41329,415075,75988,99225,11691,1322,0,2016-07-01,645110,645110,6
2016,3,Corrientes,150,7425,49471,19956,10006,1263,210,0,2016-07-01,88481,88481,5
2016,3,Entre Ríos,1768,10657,110844,38665,17737,1307,248,0,2016-07-01,181226,181226,5
2016,3,Formosa,1723,4277,15581,3964,3658,6480,10,0,2016-07-01,35693,35693,8
2016,3,Jujuy,2860,6878,27425,5943,1978,310,0,0,2016-07-01,45394,45394,4
2016,3,La Pampa,3740,10187,55792,150,2240,1140,11,0,2016-07-01,73260,73260,3
2016,3,La Rioja,90,2349,9686,3316,1562,110,2,0,2016-07-01,17115,17115,5
2016,3,Mendoza,370,100,178186,730,480,50,17,0,2016-07-01,179933,179933,3
2016,3,Misiones,101,603,48871,23394,17043,1559,91,0,2016-07-01,91662,91662,7
2016,3,Neuquén,1531,1527,87404,6800,12541,2118,225,0,2016-07-01,112146,112146,5
2016,3,Río Negro,1007,6026,90689,2070,5953,7900,99,0,2016-07-01,113744,113744,5
2016,3,Salta,1107,6922,71214,20229,8099,1970,50,0,2016-07-01,109591,109591,5
2016,3,San Juan,80,2450,58577,0,0,0,2,0,2016-07-01,61109,61109,3
2016,3,San Luis,70,40,14077,0,0,10,2,0,2016-07-01,14199,14199,3
2016,3,Santa Cruz,1890,220,31904,2210,520,90,0,0,2016-07-01,36834,36834,3
2016,3,Santa Fe,3958,49501,360606,72657,69864,1021,1308,0,2016-07-01,558915,558915,5
2016,3,Santiago Del Estero,260,5097,22747,6216,2497,90,0,0,2016-07-01,36907,36907,4
2016,3,Tierra Del Fuego,160,2850,35080,0,0,0,0,0,2016-07-01,38090,38090,3
2016,3,Tucumán,1270,12247,87970,36518,1315,1288,4,0,2016-07-01,140612,140612,4
2016,2,Buenos Aires,10786,133385,2250898,335296,334723,31494,11933,0,2016-04-01,3108515,3108515,5
2016,2,Capital Federal,4352,1736,859039,146091,21301,19597,13477,0,2016-04-01,1065593,1065593,5
2016,2,Catamarca,150,5736,14742,4567,1496,470,1,0,2016-04-01,27162,27162,4
2016,2,Chaco,1970,8063,45823,20346,1209,1571,201,0,2016-04-01,79183,79183,4
2016,2,Chubut,5720,5421,73078,7750,0,0,0,0,2016-04-01,91969,91969,3
2016,2,Córdoba,2580,5705,437547,7198,82618,8355,1242,0,2016-04-01,545245,545245,5
2016,2,Corrientes,410,10018,47916,192,8851,8030,191,0,2016-04-01,75608,75608,6
2016,2,Entre Ríos,4734,16368,115000,36917,15522,8490,205,0,2016-04-01,197236,197236,5
2016,2,Formosa,1675,5401,14370,3569,3218,5930,10,0,2016-04-01,34173,34173,8
2016,2,Jujuy,2561,8292,25301,5589,175,30,0,0,2016-04-01,41948,41948,3
2016,2,La Pampa,4290,10616,63928,150,1190,960,11,0,2016-04-01,81145,81145,3
2016,2,La Rioja,100,3151,9043,319,1344,30,5,0,2016-04-01,13992,13992,4
2016,2,Mendoza,4370,300,176922,610,440,50,20,0,2016-04-01,182712,182712,3
2016,2,Misiones,1973,7899,49586,21385,1482,1073,96,0,2016-04-01,83494,83494,4
2016,2,Neuquén,1916,1691,88854,5830,10241,1285,208,0,2016-04-01,110025,110025,5
2016,2,Río Negro,1189,6107,92158,1940,4877,5200,86,0,2016-04-01,111557,111557,4
2016,2,Salta,216,10123,70875,18759,7129,1400,49,0,2016-04-01,108551,108551,5
2016,2,San Juan,100,2730,57589,0,0,0,4,0,2016-04-01,60423,60423,3
2016,2,San Luis,120,40,13931,0,0,10,2,0,2016-04-01,14103,14103,3
2016,2,Santa Cruz,2440,260,31995,1420,200,0,0,0,2016-04-01,36315,36315,3
2016,2,Santa Fe,9486,67325,374960,68505,60469,6509,1277,0,2016-04-01,588531,588531,5
2016,2,Santiago Del Estero,7040,6705,22208,5943,2108,10,0,0,2016-04-01,44014,44014,3
2016,2,Tierra Del Fuego,160,2860,38773,0,0,0,0,0,2016-04-01,41793,41793,3
2016,2,Tucumán,2310,18515,83945,33891,1131,1032,2,0,2016-04-01,140826,140826,4
2016,1,Buenos Aires,7351,9788,2214760,289929,247372,8315,9529,0,2016-01-01,2787044,2787044,5
2016,1,Capital Federal,231,43686,869048,178665,192644,6577,10838,0,2016-01-01,1301689,1301689,6
2016,1,Catamarca,150,6102,14653,4241,1334,420,1,0,2016-01-01,26901,26901,4
2016,1,Chaco,1940,8755,46304,19388,10587,1238,184,0,2016-01-01,88396,88396,5
2016,1,Chubut,940,5095,72396,1066,0,0,0,0,2016-01-01,79497,79497,3
2016,1,Córdoba,1480,59484,414452,65763,66455,4143,1039,0,2016-01-01,612816,612816,5
2016,1,Corrientes,290,1069,47833,18375,7911,5260,170,0,2016-01-01,80908,80908,7
2016,1,Entre Ríos,2864,17749,104137,35104,14057,4570,165,0,2016-01-01,178646,178646,5
2016,1,Formosa,1738,5731,14163,3229,2906,5440,5,0,2016-01-01,33212,33212,7
2016,1,Jujuy,2543,8558,22383,5188,1623,0,0,0,2016-01-01,40295,40295,3
2016,1,La Pampa,4260,11065,52117,150,780,710,11,0,2016-01-01,69093,69093,3
2016,1,La Rioja,100,3382,9060,298,1254,20,3,0,2016-01-01,14117,14117,3
2016,1,Mendoza,2350,210,175376,470,430,50,17,0,2016-01-01,178903,178903,3
2016,1,Misiones,9590,8502,50061,19195,13363,7790,68,0,2016-01-01,108569,108569,6
2016,1,Neuquén,172,1737,86310,4790,7893,1430,171,0,2016-01-01,102503,102503,4
2016,1,Río Negro,1171,6105,90038,2030,4246,770,81,0,2016-01-01,104441,104441,4
2016,1,Salta,1119,10765,65646,17748,6643,1190,31,0,2016-01-01,103142,103142,4
2016,1,San Juan,90,3090,56447,0,0,0,2,0,2016-01-01,59629,59629,3
2016,1,San Luis,80,40,13645,0,0,10,2,0,2016-01-01,13777,13777,3
2016,1,Santa Cruz,1680,290,32188,80,0,0,0,0,2016-01-01,34238,34238,3
2016,1,Santa Fe,6492,71565,353525,64117,51293,3754,1063,0,2016-01-01,551809,551809,4
2016,1,Santiago Del Estero,7030,7219,22805,5769,1898,0,0,0,2016-01-01,44721,44721,3
2016,1,Tierra Del Fuego,160,2850,33003,0,0,0,0,0,2016-01-01,36013,36013,3
2016,1,Tucumán,1060,20092,84008,3149,10046,8710,0,0,2016-01-01,127065,127065,5
2015,4,Buenos Aires,7985,100303,2253197,27456,240188,3835,8180,0,2015-10-01,2641144,2641144,4
2015,4,Capital Federal,2417,46568,916813,172029,198635,3087,10899,0,2015-10-01,1350448,1350448,5
2015,4,Catamarca,150,6513,14484,4106,1313,390,1,0,2015-10-01,26957,26957,4
2015,4,Chaco,1940,9593,46771,18608,10092,1136,159,0,2015-10-01,88299,88299,5
2015,4,Chubut,6250,5774,71881,1680,0,0,0,0,2015-10-01,85585,85585,3
2015,4,Córdoba,1480,63746,427471,62989,67151,3336,1088,0,2015-10-01,627261,627261,5
2015,4,Corrientes,290,11248,48104,17877,7569,4560,150,0,2015-10-01,89798,89798,6
2015,4,Entre Ríos,2865,18883,104224,33989,13668,3990,163,0,2015-10-01,177782,177782,5
2015,4,Formosa,1791,6081,14279,2704,2713,5190,4,0,2015-10-01,32762,32762,7
2015,4,Jujuy,2551,8876,21867,5044,1587,0,0,0,2015-10-01,39925,39925,3
2015,4,La Pampa,5920,12951,48798,160,630,490,10,0,2015-10-01,68959,68959,2
2015,4,La Rioja,100,3638,9127,2937,1215,20,3,0,2015-10-01,17040,17040,4
2015,4,Mendoza,2410,230,174719,380,410,50,13,0,2015-10-01,178212,178212,3
2015,4,Misiones,9590,9169,51029,17281,1369,6750,52,0,2015-10-01,95240,95240,5
2015,4,Neuquén,1727,2061,89678,4550,7934,90,175,0,2015-10-01,106215,106215,4
2015,4,Río Negro,3282,4473,89062,2010,4024,50,75,0,2015-10-01,102976,102976,3
2015,4,Salta,1122,11387,65677,17139,6507,990,5,0,2015-10-01,102827,102827,4
2015,4,San Juan,90,3860,55761,0,0,0,2,0,2015-10-01,59713,59713,3
2015,4,San Luis,80,40,13473,0,0,10,2,0,2015-10-01,13605,13605,3
2015,4,Santa Cruz,1880,260,32338,30,0,0,0,0,2015-10-01,34508,34508,3
2015,4,Santa Fe,6659,7577,361264,60985,51258,3079,1189,0,2015-10-01,492011,492011,5
2015,4,Santiago Del Estero,7030,7836,23074,5669,1856,0,0,0,2015-10-01,45465,45465,3
2015,4,Tierra Del Fuego,160,2850,32662,0,0,0,0,0,2015-10-01,35672,35672,3
2015,4,Tucumán,1070,218,83887,29942,9507,8370,0,0,2015-10-01,132994,132994,6
2015,3,Buenos Aires,8361,107351,2266948,262564,200491,2642,7720,0,2015-07-01,2856077,2856077,4
2015,3,Capital Federal,2448,4934,942525,159618,175594,2028,10022,0,2015-07-01,1297169,1297169,5
2015,3,Catamarca,150,6871,14206,4143,8120,430,1,0,2015-07-01,33921,33921,6
2015,3,Chaco,2400,10353,47131,19016,7498,9790,157,0,2015-07-01,96345,96345,7
2015,3,Chubut,6410,5886,71668,1670,0,0,0,0,2015-07-01,85634,85634,3
2015,3,Córdoba,1500,68765,429787,61109,59372,2582,1048,0,2015-07-01,624163,624163,4
2015,3,Corrientes,330,11921,48127,18168,6111,4530,146,0,2015-07-01,89333,89333,5
2015,3,Entre Ríos,2863,20385,103990,34788,9924,3840,153,0,2015-07-01,175943,175943,5
2015,3,Formosa,1862,6521,14354,2791,1842,3790,2,0,2015-07-01,31162,31162,6
2015,3,Jujuy,2549,9278,21588,5169,9660,0,0,0,2015-07-01,48244,48244,5
2015,3,La Pampa,6130,13087,47660,90,550,390,10,0,2015-07-01,67917,67917,2
2015,3,La Rioja,100,384,9102,2984,8320,0,3,0,2015-07-01,20893,20893,8
2015,3,Mendoza,2560,250,173430,450,180,50,13,0,2015-07-01,176933,176933,3
2015,3,Misiones,9580,9809,51234,17367,11654,5590,43,0,2015-07-01,105277,105277,6
2015,3,Neuquén,1733,2124,85044,2100,6599,20,155,0,2015-07-01,97775,97775,4
2015,3,Río Negro,3372,4457,88691,990,3826,10,62,0,2015-07-01,101408,101408,3
2015,3,Salta,1126,12223,65405,17451,4318,610,5,0,2015-07-01,101138,101138,4
2015,3,San Juan,90,3910,54963,0,0,0,2,0,2015-07-01,58965,58965,3
2015,3,San Luis,90,40,13286,0,0,10,2,0,2015-07-01,13428,13428,3
2015,3,Santa Cruz,1900,250,32266,20,0,0,0,0,2015-07-01,34436,34436,3
2015,3,Santa Fe,6767,80817,363177,59531,42021,232,1133,0,2015-07-01,553678,553678,4
2015,3,Santiago Del Estero,7030,8332,23158,5956,1249,0,0,0,2015-07-01,45725,45725,3
2015,3,Tierra Del Fuego,150,2850,36408,20,0,0,0,0,2015-07-01,39428,39428,3
2015,3,Tucumán,1070,23687,83654,29998,6232,6230,0,0,2015-07-01,150871,150871,5
2015,2,Buenos Aires,8714,137189,2299705,243503,159922,201,6712,0,2015-04-01,2855946,2855946,4
2015,2,Capital Federal,2493,51799,990112,148569,142976,1482,9258,0,2015-04-01,1346689,1346689,5
2015,2,Catamarca,150,7253,14003,3776,5930,370,1,0,2015-04-01,31483,31483,5
2015,2,Chaco,2880,11058,47551,17675,6337,7880,149,0,2015-04-01,93530,93530,6
2015,2,Chubut,6560,6032,55791,1680,0,0,0,0,2015-04-01,70063,70063,3
2015,2,Córdoba,1560,72695,434717,54993,46415,1956,903,0,2015-04-01,613239,613239,4
2015,2,Corrientes,340,12542,48015,17184,5039,3790,126,0,2015-04-01,87036,87036,5
2015,2,Entre Ríos,2864,21986,104043,32293,7867,3540,136,0,2015-04-01,172729,172729,4
2015,2,Formosa,1881,6907,14247,2436,1324,2570,1,0,2015-04-01,29366,29366,5
2015,2,Jujuy,2479,9474,20248,4792,7300,0,0,0,2015-04-01,44293,44293,5
2015,2,La Pampa,5737,8182,46235,270,240,250,10,0,2015-04-01,60924,60924,3
2015,2,La Rioja,100,4082,9093,268,6410,0,3,0,2015-04-01,19956,19956,6
2015,2,Mendoza,2680,260,170451,420,160,50,13,0,2015-04-01,174034,174034,3
2015,2,Misiones,9580,1036,51671,15022,10072,4080,33,0,2015-04-01,91494,91494,6
2015,2,Neuquén,1755,2348,82727,2140,5168,20,110,0,2015-04-01,94268,94268,4
2015,2,Río Negro,3413,4525,87362,970,324,10,51,0,2015-04-01,96655,96655,3
2015,2,Salta,1123,1302,64737,16241,3114,290,5,0,2015-04-01,86812,86812,4
2015,2,San Juan,80,4100,51568,0,0,0,2,0,2015-04-01,55750,55750,3
2015,2,San Luis,90,40,13204,0,0,10,2,0,2015-04-01,13346,13346,3
2015,2,Santa Cruz,2100,250,25519,20,0,0,0,0,2015-04-01,27889,27889,3
2015,2,Santa Fe,6827,86016,364441,53205,33894,1856,1014,0,2015-04-01,547253,547253,4
2015,2,Santiago Del Estero,7030,8779,23456,5553,8880,0,0,0,2015-04-01,53698,53698,5
2015,2,Tierra Del Fuego,150,2850,36073,20,0,0,0,0,2015-04-01,39093,39093,3
2015,2,Tucumán,1070,25178,83462,26966,4502,4550,0,0,2015-04-01,145728,145728,4
2015,1,Buenos Aires,8882,123589,2267852,22007,126958,1561,5700,0,2015-01-01,2556549,2556549,4
2015,1,Capital Federal,2545,59084,1013510,134151,114569,1195,8401,0,2015-01-01,1333455,1333455,4
2015,1,Catamarca,130,7634,13754,3202,5170,90,1,0,2015-01-01,29981,29981,5
2015,1,Chaco,260,12053,47425,15883,5346,4890,135,0,2015-01-01,85992,85992,5
2015,1,Chubut,6510,6176,57333,1020,0,0,0,0,2015-01-01,71039,71039,3
2015,1,Córdoba,1570,78427,432802,46574,37443,1615,815,0,2015-01-01,599246,599246,4
2015,1,Corrientes,360,13295,47842,15554,4424,2350,98,0,2015-01-01,83923,83923,5
2015,1,Entre Ríos,2867,23951,104168,28113,6926,2740,119,0,2015-01-01,168884,168884,4
2015,1,Formosa,1891,7336,14413,2024,8780,1570,1,0,2015-01-01,36015,36015,6
2015,1,Jujuy,2458,9754,19858,3939,6030,0,0,0,2015-01-01,42039,42039,4
2015,1,La Pampa,6059,8054,45038,260,100,130,10,0,2015-01-01,59651,59651,2
2015,1,La Rioja,110,4201,9379,2207,5330,0,3,0,2015-01-01,21230,21230,6
2015,1,Mendoza,2870,240,169763,380,160,60,11,0,2015-01-01,173484,173484,3
2015,1,Misiones,9580,11136,51906,12387,8543,1940,26,0,2015-01-01,95518,95518,4
2015,1,Neuquén,1895,2577,80787,1700,4067,20,76,0,2015-01-01,91122,91122,3
2015,1,Río Negro,3371,4913,86173,940,2632,20,42,0,2015-01-01,98091,98091,3
2015,1,Salta,1123,14151,64992,13955,2569,150,5,0,2015-01-01,96945,96945,4
2015,1,San Juan,80,4450,51346,0,0,0,2,0,2015-01-01,55878,55878,3
2015,1,San Luis,100,80,12720,0,10,0,2,0,2015-01-01,12912,12912,3
2015,1,Santa Cruz,2050,270,26048,20,0,0,0,0,2015-01-01,28388,28388,3
2015,1,Santa Fe,6883,93096,360964,4527,27597,1542,900,0,2015-01-01,495509,495509,3
2015,1,Santiago Del Estero,7010,9236,23136,4796,7480,0,0,0,2015-01-01,51658,51658,4
2015,1,Tierra Del Fuego,140,6090,36319,20,0,0,0,0,2015-01-01,42569,42569,3
2015,1,Tucumán,1070,27143,83895,23061,3722,3340,0,0,2015-01-01,142231,142231,4
2014,4,Buenos Aires,8226,132937,2250445,20362,104322,9970,5406,0,2014-10-01,2531668,2531668,3
2014,4,Capital Federal,2698,62896,1038269,123451,95772,8900,7997,0,2014-10-01,1339983,1339983,4
2014,4,Catamarca,210,8047,14093,291,4210,0,1,0,2014-10-01,26852,26852,4
2014,4,Chaco,4830,12837,42106,7908,26,1240,2,0,2014-10-01,68949,68949,3
2014,4,Chubut,1858,6218,60392,700,0,0,0,0,2014-10-01,69168,69168,3
2014,4,Córdoba,1903,85362,427844,41947,30858,1177,782,0,2014-10-01,589873,589873,4
2014,4,Corrientes,400,1386,42182,7513,2106,0,9,0,2014-10-01,53596,53596,4
2014,4,Entre Ríos,2311,27801,88649,18318,3584,10,66,0,2014-10-01,140739,140739,3
2014,4,Formosa,1947,783,14058,1852,4730,470,1,0,2014-10-01,23841,23841,6
2014,4,Jujuy,188,10427,19740,3443,4650,0,0,0,2014-10-01,38448,38448,4
2014,4,La Pampa,6266,6879,36520,260,50,40,10,0,2014-10-01,50025,50025,2
2014,4,La Rioja,90,4333,9728,1943,3860,0,3,0,2014-10-01,19957,19957,5
2014,4,Mendoza,3030,190,169222,360,140,50,12,0,2014-10-01,173004,173004,3
2014,4,Misiones,5470,1184,53093,8731,2952,540,12,0,2014-10-01,71982,71982,4
2014,4,Neuquén,1731,2744,80938,1260,3621,20,66,0,2014-10-01,90380,90380,3
2014,4,Río Negro,364,4723,85094,940,2319,40,30,0,2014-10-01,93510,93510,3
2014,4,Salta,540,16214,63221,12552,1922,0,4,0,2014-10-01,94453,94453,3
2014,4,San Juan,110,4780,51628,0,0,0,2,0,2014-10-01,56520,56520,3
2014,4,San Luis,90,0,13135,0,0,10,2,0,2014-10-01,13237,13237,3
2014,4,Santa Cruz,1560,14,24145,10,10,0,0,0,2014-10-01,25739,25739,3
2014,4,Santa Fe,8707,99962,359293,36718,21098,8690,824,0,2014-10-01,535292,535292,4
2014,4,Santiago Del Estero,1246,8913,24181,4359,6020,0,0,0,2014-10-01,44719,44719,4
2014,4,Tierra Del Fuego,120,2830,31489,20,0,0,0,0,2014-10-01,34459,34459,3
2014,4,Tucumán,170,28746,85091,20631,2733,1960,0,0,2014-10-01,139331,139331,4
2014,3,Buenos Aires,7355,128187,2281524,156693,68947,2430,4232,0,2014-07-01,2649368,2649368,3
2014,3,Capital Federal,8400,78016,1060145,10217,70907,950,6626,0,2014-07-01,1235261,1235261,4
2014,3,Catamarca,190,8845,13790,1915,1110,0,0,0,2014-07-01,25850,25850,3
2014,3,Chaco,3980,14731,41934,5428,1274,50,0,0,2014-07-01,67397,67397,3
2014,3,Chubut,2013,6281,60771,340,0,0,0,0,2014-07-01,69405,69405,3
2014,3,Córdoba,6600,98992,435692,28992,18888,840,664,0,2014-07-01,590668,590668,3
2014,3,Corrientes,210,15448,41717,5181,1172,0,0,0,2014-07-01,63728,63728,3
2014,3,Entre Ríos,1709,2971,91450,12569,131,0,48,0,2014-07-01,108878,108878,3
2014,3,Formosa,2001,8323,14202,1324,850,0,0,0,2014-07-01,26700,26700,3
2014,3,Jujuy,1270,10979,20216,2305,820,0,0,0,2014-07-01,35590,35590,3
2014,3,La Pampa,6458,6645,41009,240,50,40,10,0,2014-07-01,54452,54452,2
2014,3,La Rioja,100,4785,9720,1337,610,0,0,0,2014-07-01,16552,16552,3
2014,3,Mendoza,350,0,167763,310,120,130,1,0,2014-07-01,168674,168674,3
2014,3,Misiones,6400,13637,53510,5928,1606,0,1,0,2014-07-01,81082,81082,3
2014,3,Neuquén,1522,3099,80090,1070,2865,100,27,0,2014-07-01,88773,88773,3
2014,3,Río Negro,364,5189,86868,870,1944,80,9,0,2014-07-01,95324,95324,3
2014,3,Salta,7320,17481,66026,8314,3880,0,0,0,2014-07-01,103021,103021,3
2014,3,San Juan,80,4870,51276,0,0,0,0,0,2014-07-01,56226,56226,3
2014,3,San Luis,80,0,13029,0,0,30,0,0,2014-07-01,13139,13139,3
2014,3,Santa Cruz,1950,1624,24248,10,10,0,0,0,2014-07-01,27842,27842,3
2014,3,Santa Fe,823,112593,357615,23962,12124,380,806,0,2014-07-01,508303,508303,3
2014,3,Santiago Del Estero,7910,9914,23826,2867,1420,0,0,0,2014-07-01,45937,45937,3
2014,3,Tierra Del Fuego,120,3360,32348,20,0,0,0,0,2014-07-01,35848,35848,3
2014,3,Tucumán,60,32716,84668,14101,5590,40,0,0,2014-07-01,137175,137175,3
2014,2,Buenos Aires,6902,162274,2288772,140226,56549,2840,4309,0,2014-04-01,2661872,2661872,3
2014,2,Capital Federal,8470,81431,1078213,87359,56004,590,6427,0,2014-04-01,1318494,1318494,4
2014,2,Catamarca,190,8844,13794,1915,1110,0,0,0,2014-04-01,25853,25853,3
2014,2,Chaco,4120,14854,41530,5418,1085,50,0,0,2014-04-01,67057,67057,3
2014,2,Chubut,2064,6582,61868,0,0,0,0,0,2014-04-01,70514,70514,3
2014,2,Córdoba,2105,101598,429536,28698,14824,760,627,0,2014-04-01,578148,578148,3
2014,2,Corrientes,200,15563,41219,5199,9560,0,0,0,2014-04-01,71741,71741,4
2014,2,Entre Ríos,2187,32781,86757,12564,1162,0,44,0,2014-04-01,135495,135495,3
2014,2,Formosa,2032,8218,13944,1321,850,0,0,0,2014-04-01,26365,26365,3
2014,2,Jujuy,1873,11233,18851,2305,820,0,0,0,2014-04-01,35082,35082,3
2014,2,La Pampa,7032,6761,34089,180,50,40,10,0,2014-04-01,48162,48162,2
2014,2,La Rioja,100,4785,9719,1337,610,0,0,0,2014-04-01,16551,16551,3
2014,2,Mendoza,350,60,166710,310,100,50,10,0,2014-04-01,167590,167590,3
2014,2,Misiones,5400,13644,53245,5924,1334,20,0,0,2014-04-01,79567,79567,3
2014,2,Neuquén,1531,3206,79087,920,2289,20,30,0,2014-04-01,87083,87083,3
2014,2,Río Negro,3468,5507,84978,780,1569,20,8,0,2014-04-01,96330,96330,3
2014,2,Salta,530,18818,64440,8293,3880,0,0,0,2014-04-01,95961,95961,3
2014,2,San Juan,100,5070,51129,0,0,0,0,0,2014-04-01,56299,56299,3
2014,2,San Luis,70,0,13045,0,0,10,2,0,2014-04-01,13127,13127,3
2014,2,Santa Cruz,1530,1637,25374,20,0,0,0,0,2014-04-01,28561,28561,3
2014,2,Santa Fe,8515,115197,353559,23939,10058,340,792,0,2014-04-01,512400,512400,3
2014,2,Santiago Del Estero,1231,9914,23842,2867,1420,0,0,0,2014-04-01,39274,39274,3
2014,2,Tierra Del Fuego,120,3340,31198,20,0,0,0,0,2014-04-01,34678,34678,3
2014,2,Tucumán,60,32714,84675,14101,5590,40,0,0,2014-04-01,137180,137180,3
2014,1,Buenos Aires,8469,171244,2279875,121787,38923,2060,4037,0,2014-01-01,2626395,2626395,3
2014,1,Capital Federal,8520,88826,1096050,70293,38798,550,6208,0,2014-01-01,1309245,1309245,4
2014,1,Catamarca,190,9147,13330,1672,640,0,0,0,2014-01-01,24979,24979,3
2014,1,Chaco,4380,15849,40869,4644,7410,50,0,0,2014-01-01,73202,73202,4
2014,1,Chubut,7452,100,61329,0,0,0,0,0,2014-01-01,68881,68881,3
2014,1,Córdoba,2076,107705,423114,24112,9818,400,588,0,2014-01-01,567813,567813,3
2014,1,Corrientes,200,16357,40742,4486,6300,0,0,0,2014-01-01,68085,68085,4
2014,1,Entre Ríos,2177,35206,85248,10828,7460,0,43,0,2014-01-01,140962,140962,3
2014,1,Formosa,2062,8475,13685,1133,670,0,0,0,2014-01-01,26025,26025,2
2014,1,Jujuy,1832,11498,18415,2002,560,0,0,0,2014-01-01,34307,34307,2
2014,1,La Pampa,7434,6535,32501,170,50,40,10,0,2014-01-01,46740,46740,2
2014,1,La Rioja,100,5111,9390,1165,350,0,0,0,2014-01-01,16116,16116,3
2014,1,Mendoza,350,60,166655,190,100,60,9,0,2014-01-01,167424,167424,3
2014,1,Misiones,5450,1446,52852,5139,9580,0,0,0,2014-01-01,74467,74467,5
2014,1,Neuquén,4133,9870,77148,840,1582,20,22,0,2014-01-01,93615,93615,3
2014,1,Río Negro,467,4618,84304,730,1062,10,8,0,2014-01-01,91199,91199,3
2014,1,Salta,530,19677,64061,7192,3140,0,0,0,2014-01-01,94600,94600,3
2014,1,San Juan,5310,20,51056,0,0,0,0,0,2014-01-01,56386,56386,3
2014,1,San Luis,70,30,12544,0,10,0,2,0,2014-01-01,12656,12656,3
2014,1,Santa Cruz,1610,1625,24972,10,10,0,0,0,2014-01-01,28227,28227,3
2014,1,Santa Fe,8456,124468,345225,20328,6845,230,668,0,2014-01-01,506220,506220,3
2014,1,Santiago Del Estero,1234,10531,22817,2422,1090,0,0,0,2014-01-01,38094,38094,3
2014,1,Tierra Del Fuego,120,6070,30902,60,0,0,0,0,2014-01-01,37152,37152,3
2014,1,Tucumán,60,34672,83210,11779,3620,30,0,0,2014-01-01,133371,133371,3
